 [{"id":1,"name":"Mr. James Downard","especialist":"Senior Programmer","image":"https://images.unsplash.com/photo-1557862921-37829c790f19?ixid=MnwxMjA3fDB8MHxwaG90by1wYWdlfHx8fGVufDB8fHx8&ixlib=rb-1.2.1&auto=format&fit=crop&w=1171&q=80"},{"id":2,"name":"Mr. Laverne Dunseith","especialist":"Full Stack Developer","image":"https://images.unsplash.com/photo-1564564321837-a57b7070ac4f?ixid=MnwxMjA3fDB8MHxzZWFyY2h8M3x8bWFufGVufDB8fDB8fA%3D%3D&ixlib=rb-1.2.1&auto=format&fit=crop&w=500&q=60"},{"id":3,"name":"Mr. Louis Hamed","especialist":"Machine learning expert","image":"https://images.unsplash.com/photo-1568602471122-7832951cc4c5?ixid=MnwxMjA3fDB8MHxzZWFyY2h8MXx8bWFufGVufDB8fDB8fA%3D%3D&ixlib=rb-1.2.1&auto=format&fit=crop&w=500&q=60"},{"id":4,"name":"Mr. Maximus Shadler","especialist":"Deep Learning Expert","image":"https://images.unsplash.com/photo-1548372290-8d01b6c8e78c?ixid=MnwxMjA3fDB8MHxzZWFyY2h8MTV8fG1hbnxlbnwwfHwwfHw%3D&ixlib=rb-1.2.1&auto=format&fit=crop&w=500&q=60"},{"id":5,"name":"Mrs. Lilly Prey","especialist":"Devops Engineer","image":"https://media.istockphoto.com/photos/one-female-student-picture-id1179017978?b=1&k=20&m=1179017978&s=170667a&w=0&h=hZWZn52qG3Nrzke5vVp9kXjzeJXIXcLXUFmvuvbJSrA="},{"id":6,"name":"Mrs. Mia Winson","especialist":"Cloud Computing expert","image":"https://media.istockphoto.com/photos/smiling-indian-young-adult-woman-wearing-glasses-typing-on-laptop-picture-id1262283524?b=1&k=20&m=1262283524&s=170667a&w=0&h=02aCAB0LtY21ia7bUp0UJpeg6gO-m4z_52_CbadNy9g="}]